{
  "BERT (東北大v3)": {
    "accuracy": 0.28239499553172476,
    "f1_macro": 0.28129741600591734,
    "f1_weighted": 0.2822322143358943,
    "precision_macro": 0.2820024754320108,
    "precision_weighted": 0.283780617878037,
    "recall_macro": 0.2823260306821266,
    "recall_weighted": 0.28239499553172476,
    "avg_inference_time_per_batch": 0.2793310148375375,
    "total_inference_time": 156.425368309021,
    "throughput_samples_per_second": 7.153571138086735,
    "avg_memory_usage_mb": 0.07215401785714286,
    "max_memory_usage_mb": 11.640625,
    "total_samples": 1119,
    "total_batches": 560
  },
  "ModernBERT (SB-Intuitions)": {
    "accuracy": 0.10991957104557641,
    "f1_macro": 0.10941958280789328,
    "f1_weighted": 0.10996454023230151,
    "precision_macro": 0.10954172244099973,
    "precision_weighted": 0.11031732102785397,
    "recall_macro": 0.10961556493202063,
    "recall_weighted": 0.10991957104557641,
    "avg_inference_time_per_batch": 0.3380342470748084,
    "total_inference_time": 189.2991783618927,
    "throughput_samples_per_second": 5.911277638304123,
    "avg_memory_usage_mb": 0.6095424107142857,
    "max_memory_usage_mb": 316.828125,
    "total_samples": 1119,
    "total_batches": 560
  }
}